params,time,steps,reward_mean,reward_median,reward_min,reward_max,reward_std
"{""alpha"": 0.1, ""q_init"": ""random"", ""epsilon"": 0.1, ""epsilon_decay"": 0.0001, ""discount_factor"": 0.0}",3.5034789999999703,100,0.0,0.0,0.0,0.0,0.0
"{""alpha"": 0.1, ""q_init"": ""random"", ""epsilon"": 0.1, ""epsilon_decay"": 0.0001, ""discount_factor"": 0.1}",2.904248999999993,100,0.0,0.0,0.0,0.0,0.0
"{""alpha"": 0.1, ""q_init"": ""random"", ""epsilon"": 0.1, ""epsilon_decay"": 0.0001, ""discount_factor"": 0.2}",3.040029000000004,100,0.0003304843304843305,0.0,0.0,0.02564102564102564,0.002648414414613924
"{""alpha"": 0.1, ""q_init"": ""random"", ""epsilon"": 0.1, ""epsilon_decay"": 0.0001, ""discount_factor"": 0.3}",2.971923000000004,100,0.0,0.0,0.0,0.0,0.0
"{""alpha"": 0.1, ""q_init"": ""random"", ""epsilon"": 0.1, ""epsilon_decay"": 0.0001, ""discount_factor"": 0.4}",2.880642000000023,100,0.0,0.0,0.0,0.0,0.0
"{""alpha"": 0.1, ""q_init"": ""random"", ""epsilon"": 0.1, ""epsilon_decay"": 0.0001, ""discount_factor"": 0.5}",2.7495759999999905,100,0.0,0.0,0.0,0.0,0.0
"{""alpha"": 0.1, ""q_init"": ""random"", ""epsilon"": 0.1, ""epsilon_decay"": 0.0001, ""discount_factor"": 0.6}",2.8100959999999873,100,0.0,0.0,0.0,0.0,0.0
"{""alpha"": 0.1, ""q_init"": ""random"", ""epsilon"": 0.1, ""epsilon_decay"": 0.0001, ""discount_factor"": 0.7}",2.73575900000003,100,0.0,0.0,0.0,0.0,0.0
"{""alpha"": 0.1, ""q_init"": ""random"", ""epsilon"": 0.1, ""epsilon_decay"": 0.0001, ""discount_factor"": 0.8}",2.8718639999999596,100,0.0002564102564102564,0.0,0.0,0.02564102564102564,0.0025512498387349225
"{""alpha"": 0.1, ""q_init"": ""random"", ""epsilon"": 0.1, ""epsilon_decay"": 0.0001, ""discount_factor"": 0.9}",2.7766260000000216,100,0.0002040816326530612,0.0,0.0,0.02040816326530612,0.0020305866063400403
"{""alpha"": 0.1, ""q_init"": ""random"", ""epsilon"": 0.3, ""epsilon_decay"": 0.0001, ""discount_factor"": 0.0}",3.5344619999999622,100,0.0,0.0,0.0,0.0,0.0
"{""alpha"": 0.1, ""q_init"": ""random"", ""epsilon"": 0.3, ""epsilon_decay"": 0.0001, ""discount_factor"": 0.1}",2.9071219999999585,100,0.0,0.0,0.0,0.0,0.0
"{""alpha"": 0.1, ""q_init"": ""random"", ""epsilon"": 0.3, ""epsilon_decay"": 0.0001, ""discount_factor"": 0.2}",2.8805939999999737,100,0.0,0.0,0.0,0.0,0.0
"{""alpha"": 0.1, ""q_init"": ""random"", ""epsilon"": 0.3, ""epsilon_decay"": 0.0001, ""discount_factor"": 0.3}",2.812648999999965,100,0.0,0.0,0.0,0.0,0.0
"{""alpha"": 0.1, ""q_init"": ""random"", ""epsilon"": 0.3, ""epsilon_decay"": 0.0001, ""discount_factor"": 0.4}",2.921496999999988,100,0.0,0.0,0.0,0.0,0.0
"{""alpha"": 0.1, ""q_init"": ""random"", ""epsilon"": 0.3, ""epsilon_decay"": 0.0001, ""discount_factor"": 0.5}",2.824607999999955,100,0.0,0.0,0.0,0.0,0.0
"{""alpha"": 0.1, ""q_init"": ""random"", ""epsilon"": 0.3, ""epsilon_decay"": 0.0001, ""discount_factor"": 0.6}",2.7831770000000233,100,0.0,0.0,0.0,0.0,0.0
"{""alpha"": 0.1, ""q_init"": ""random"", ""epsilon"": 0.3, ""epsilon_decay"": 0.0001, ""discount_factor"": 0.7}",2.822088000000008,100,0.0,0.0,0.0,0.0,0.0
"{""alpha"": 0.1, ""q_init"": ""random"", ""epsilon"": 0.3, ""epsilon_decay"": 0.0001, ""discount_factor"": 0.8}",2.8134340000000293,100,0.0,0.0,0.0,0.0,0.0
"{""alpha"": 0.1, ""q_init"": ""random"", ""epsilon"": 0.3, ""epsilon_decay"": 0.0001, ""discount_factor"": 0.9}",2.9298260000000482,100,0.0,0.0,0.0,0.0,0.0
"{""alpha"": 0.1, ""q_init"": ""random"", ""epsilon"": 0.5, ""epsilon_decay"": 0.0001, ""discount_factor"": 0.0}",3.649793000000045,100,0.0,0.0,0.0,0.0,0.0
"{""alpha"": 0.1, ""q_init"": ""random"", ""epsilon"": 0.5, ""epsilon_decay"": 0.0001, ""discount_factor"": 0.1}",2.283740000000023,100,0.0,0.0,0.0,0.0,0.0
"{""alpha"": 0.1, ""q_init"": ""random"", ""epsilon"": 0.5, ""epsilon_decay"": 0.0001, ""discount_factor"": 0.2}",3.0265790000000266,100,0.0,0.0,0.0,0.0,0.0
"{""alpha"": 0.1, ""q_init"": ""random"", ""epsilon"": 0.5, ""epsilon_decay"": 0.0001, ""discount_factor"": 0.3}",2.872142999999994,100,0.0,0.0,0.0,0.0,0.0
"{""alpha"": 0.1, ""q_init"": ""random"", ""epsilon"": 0.5, ""epsilon_decay"": 0.0001, ""discount_factor"": 0.4}",2.889793999999995,100,0.0,0.0,0.0,0.0,0.0
"{""alpha"": 0.1, ""q_init"": ""random"", ""epsilon"": 0.5, ""epsilon_decay"": 0.0001, ""discount_factor"": 0.5}",2.9002570000000105,100,0.0,0.0,0.0,0.0,0.0
"{""alpha"": 0.1, ""q_init"": ""random"", ""epsilon"": 0.5, ""epsilon_decay"": 0.0001, ""discount_factor"": 0.6}",2.8526690000000485,100,0.0,0.0,0.0,0.0,0.0
"{""alpha"": 0.1, ""q_init"": ""random"", ""epsilon"": 0.5, ""epsilon_decay"": 0.0001, ""discount_factor"": 0.7}",2.8623939999999948,100,0.0,0.0,0.0,0.0,0.0
"{""alpha"": 0.1, ""q_init"": ""random"", ""epsilon"": 0.5, ""epsilon_decay"": 0.0001, ""discount_factor"": 0.8}",2.8760389999999916,100,0.0,0.0,0.0,0.0,0.0
"{""alpha"": 0.1, ""q_init"": ""random"", ""epsilon"": 0.5, ""epsilon_decay"": 0.0001, ""discount_factor"": 0.9}",2.837325000000021,100,0.0001923076923076923,0.0,0.0,0.019230769230769232,0.0019134373790511924
"{""alpha"": 0.1, ""q_init"": 0, ""epsilon"": 0.1, ""epsilon_decay"": 0.0001, ""discount_factor"": 0.0}",16.521769000000006,100,0.0,0.0,0.0,0.0,0.0
"{""alpha"": 0.1, ""q_init"": 0, ""epsilon"": 0.1, ""epsilon_decay"": 0.0001, ""discount_factor"": 0.1}",15.033141999999998,100,0.0,0.0,0.0,0.0,0.0
"{""alpha"": 0.1, ""q_init"": 0, ""epsilon"": 0.1, ""epsilon_decay"": 0.0001, ""discount_factor"": 0.2}",16.265085999999997,100,0.0,0.0,0.0,0.0,0.0
"{""alpha"": 0.1, ""q_init"": 0, ""epsilon"": 0.1, ""epsilon_decay"": 0.0001, ""discount_factor"": 0.3}",15.626684000000012,100,0.0,0.0,0.0,0.0,0.0
"{""alpha"": 0.1, ""q_init"": 0, ""epsilon"": 0.1, ""epsilon_decay"": 0.0001, ""discount_factor"": 0.4}",15.669527999999957,100,0.0,0.0,0.0,0.0,0.0
"{""alpha"": 0.1, ""q_init"": 0, ""epsilon"": 0.1, ""epsilon_decay"": 0.0001, ""discount_factor"": 0.5}",15.827260000000024,100,0.0,0.0,0.0,0.0,0.0
"{""alpha"": 0.1, ""q_init"": 0, ""epsilon"": 0.1, ""epsilon_decay"": 0.0001, ""discount_factor"": 0.6}",15.757056000000034,100,0.0,0.0,0.0,0.0,0.0
"{""alpha"": 0.1, ""q_init"": 0, ""epsilon"": 0.1, ""epsilon_decay"": 0.0001, ""discount_factor"": 0.7}",15.687212999999986,100,0.0,0.0,0.0,0.0,0.0
"{""alpha"": 0.1, ""q_init"": 0, ""epsilon"": 0.1, ""epsilon_decay"": 0.0001, ""discount_factor"": 0.8}",15.26799299999999,100,0.0,0.0,0.0,0.0,0.0
"{""alpha"": 0.1, ""q_init"": 0, ""epsilon"": 0.1, ""epsilon_decay"": 0.0001, ""discount_factor"": 0.9}",14.858416999999974,100,0.0,0.0,0.0,0.0,0.0
"{""alpha"": 0.1, ""q_init"": 0, ""epsilon"": 0.3, ""epsilon_decay"": 0.0001, ""discount_factor"": 0.0}",12.787826999999993,100,0.0,0.0,0.0,0.0,0.0
"{""alpha"": 0.1, ""q_init"": 0, ""epsilon"": 0.3, ""epsilon_decay"": 0.0001, ""discount_factor"": 0.1}",12.796095000000037,100,0.0,0.0,0.0,0.0,0.0
"{""alpha"": 0.1, ""q_init"": 0, ""epsilon"": 0.3, ""epsilon_decay"": 0.0001, ""discount_factor"": 0.2}",12.97668299999998,100,0.0,0.0,0.0,0.0,0.0
"{""alpha"": 0.1, ""q_init"": 0, ""epsilon"": 0.3, ""epsilon_decay"": 0.0001, ""discount_factor"": 0.3}",12.879372999999987,100,0.0,0.0,0.0,0.0,0.0
"{""alpha"": 0.1, ""q_init"": 0, ""epsilon"": 0.3, ""epsilon_decay"": 0.0001, ""discount_factor"": 0.4}",13.082088999999996,100,0.0,0.0,0.0,0.0,0.0
"{""alpha"": 0.1, ""q_init"": 0, ""epsilon"": 0.3, ""epsilon_decay"": 0.0001, ""discount_factor"": 0.5}",13.914181999999983,100,0.0,0.0,0.0,0.0,0.0
"{""alpha"": 0.1, ""q_init"": 0, ""epsilon"": 0.3, ""epsilon_decay"": 0.0001, ""discount_factor"": 0.6}",13.674138999999968,100,0.0,0.0,0.0,0.0,0.0
"{""alpha"": 0.1, ""q_init"": 0, ""epsilon"": 0.3, ""epsilon_decay"": 0.0001, ""discount_factor"": 0.7}",12.892551000000026,100,0.0,0.0,0.0,0.0,0.0
"{""alpha"": 0.1, ""q_init"": 0, ""epsilon"": 0.3, ""epsilon_decay"": 0.0001, ""discount_factor"": 0.8}",12.734027999999967,100,0.0,0.0,0.0,0.0,0.0
"{""alpha"": 0.1, ""q_init"": 0, ""epsilon"": 0.3, ""epsilon_decay"": 0.0001, ""discount_factor"": 0.9}",12.918608999999947,100,0.0,0.0,0.0,0.0,0.0
"{""alpha"": 0.1, ""q_init"": 0, ""epsilon"": 0.5, ""epsilon_decay"": 0.0001, ""discount_factor"": 0.0}",10.136598000000049,100,0.0,0.0,0.0,0.0,0.0
"{""alpha"": 0.1, ""q_init"": 0, ""epsilon"": 0.5, ""epsilon_decay"": 0.0001, ""discount_factor"": 0.1}",11.487299000000007,100,0.0,0.0,0.0,0.0,0.0
"{""alpha"": 0.1, ""q_init"": 0, ""epsilon"": 0.5, ""epsilon_decay"": 0.0001, ""discount_factor"": 0.2}",11.599270000000047,100,0.0,0.0,0.0,0.0,0.0
"{""alpha"": 0.1, ""q_init"": 0, ""epsilon"": 0.5, ""epsilon_decay"": 0.0001, ""discount_factor"": 0.3}",10.538254000000052,100,0.0,0.0,0.0,0.0,0.0
"{""alpha"": 0.1, ""q_init"": 0, ""epsilon"": 0.5, ""epsilon_decay"": 0.0001, ""discount_factor"": 0.4}",10.541590000000042,100,0.0,0.0,0.0,0.0,0.0
"{""alpha"": 0.1, ""q_init"": 0, ""epsilon"": 0.5, ""epsilon_decay"": 0.0001, ""discount_factor"": 0.5}",10.805047000000059,100,0.0,0.0,0.0,0.0,0.0
"{""alpha"": 0.1, ""q_init"": 0, ""epsilon"": 0.5, ""epsilon_decay"": 0.0001, ""discount_factor"": 0.6}",10.871788000000038,100,0.0,0.0,0.0,0.0,0.0
"{""alpha"": 0.1, ""q_init"": 0, ""epsilon"": 0.5, ""epsilon_decay"": 0.0001, ""discount_factor"": 0.7}",10.00050699999997,100,0.0,0.0,0.0,0.0,0.0
"{""alpha"": 0.1, ""q_init"": 0, ""epsilon"": 0.5, ""epsilon_decay"": 0.0001, ""discount_factor"": 0.8}",11.000495999999998,100,0.0,0.0,0.0,0.0,0.0
"{""alpha"": 0.1, ""q_init"": 0, ""epsilon"": 0.5, ""epsilon_decay"": 0.0001, ""discount_factor"": 0.9}",10.782398999999941,100,0.0,0.0,0.0,0.0,0.0
"{""alpha"": 0.5, ""q_init"": ""random"", ""epsilon"": 0.1, ""epsilon_decay"": 0.0001, ""discount_factor"": 0.0}",3.56236100000001,100,0.0,0.0,0.0,0.0,0.0
"{""alpha"": 0.5, ""q_init"": ""random"", ""epsilon"": 0.1, ""epsilon_decay"": 0.0001, ""discount_factor"": 0.1}",2.8547979999999598,100,0.0,0.0,0.0,0.0,0.0
"{""alpha"": 0.5, ""q_init"": ""random"", ""epsilon"": 0.1, ""epsilon_decay"": 0.0001, ""discount_factor"": 0.2}",2.7508280000000696,100,0.0002325581395348837,0.0,0.0,0.023255813953488372,0.0023139242723409776
"{""alpha"": 0.5, ""q_init"": ""random"", ""epsilon"": 0.1, ""epsilon_decay"": 0.0001, ""discount_factor"": 0.3}",2.881949000000077,100,0.0,0.0,0.0,0.0,0.0
"{""alpha"": 0.5, ""q_init"": ""random"", ""epsilon"": 0.1, ""epsilon_decay"": 0.0001, ""discount_factor"": 0.4}",2.630329999999958,100,0.0,0.0,0.0,0.0,0.0
"{""alpha"": 0.5, ""q_init"": ""random"", ""epsilon"": 0.1, ""epsilon_decay"": 0.0001, ""discount_factor"": 0.5}",2.7781800000000203,100,0.0,0.0,0.0,0.0,0.0
"{""alpha"": 0.5, ""q_init"": ""random"", ""epsilon"": 0.1, ""epsilon_decay"": 0.0001, ""discount_factor"": 0.6}",2.7651240000000143,100,0.0,0.0,0.0,0.0,0.0
"{""alpha"": 0.5, ""q_init"": ""random"", ""epsilon"": 0.1, ""epsilon_decay"": 0.0001, ""discount_factor"": 0.7}",2.7688630000000103,100,0.00030303030303030303,0.0,0.0,0.030303030303030304,0.003015113445777636
"{""alpha"": 0.5, ""q_init"": ""random"", ""epsilon"": 0.1, ""epsilon_decay"": 0.0001, ""discount_factor"": 0.8}",2.7115830000000187,100,0.0007738095238095238,0.0,0.0,0.041666666666666664,0.005432994751772647
"{""alpha"": 0.5, ""q_init"": ""random"", ""epsilon"": 0.1, ""epsilon_decay"": 0.0001, ""discount_factor"": 0.9}",2.8403640000000223,100,0.0,0.0,0.0,0.0,0.0
"{""alpha"": 0.5, ""q_init"": ""random"", ""epsilon"": 0.3, ""epsilon_decay"": 0.0001, ""discount_factor"": 0.0}",3.6701750000000857,100,0.0,0.0,0.0,0.0,0.0
"{""alpha"": 0.5, ""q_init"": ""random"", ""epsilon"": 0.3, ""epsilon_decay"": 0.0001, ""discount_factor"": 0.1}",2.178030000000035,100,0.0,0.0,0.0,0.0,0.0
"{""alpha"": 0.5, ""q_init"": ""random"", ""epsilon"": 0.3, ""epsilon_decay"": 0.0001, ""discount_factor"": 0.2}",2.8248089999999593,100,0.0,0.0,0.0,0.0,0.0
"{""alpha"": 0.5, ""q_init"": ""random"", ""epsilon"": 0.3, ""epsilon_decay"": 0.0001, ""discount_factor"": 0.3}",2.777598000000012,100,0.0,0.0,0.0,0.0,0.0
"{""alpha"": 0.5, ""q_init"": ""random"", ""epsilon"": 0.3, ""epsilon_decay"": 0.0001, ""discount_factor"": 0.4}",2.93636099999992,100,0.0,0.0,0.0,0.0,0.0
"{""alpha"": 0.5, ""q_init"": ""random"", ""epsilon"": 0.3, ""epsilon_decay"": 0.0001, ""discount_factor"": 0.5}",2.7688910000000533,100,0.0,0.0,0.0,0.0,0.0
"{""alpha"": 0.5, ""q_init"": ""random"", ""epsilon"": 0.3, ""epsilon_decay"": 0.0001, ""discount_factor"": 0.6}",2.7865620000000035,100,0.0,0.0,0.0,0.0,0.0
"{""alpha"": 0.5, ""q_init"": ""random"", ""epsilon"": 0.3, ""epsilon_decay"": 0.0001, ""discount_factor"": 0.7}",2.8583790000000135,100,0.0,0.0,0.0,0.0,0.0
"{""alpha"": 0.5, ""q_init"": ""random"", ""epsilon"": 0.3, ""epsilon_decay"": 0.0001, ""discount_factor"": 0.8}",2.720462999999995,100,0.0,0.0,0.0,0.0,0.0
"{""alpha"": 0.5, ""q_init"": ""random"", ""epsilon"": 0.3, ""epsilon_decay"": 0.0001, ""discount_factor"": 0.9}",2.76887899999997,100,0.0,0.0,0.0,0.0,0.0
"{""alpha"": 0.5, ""q_init"": ""random"", ""epsilon"": 0.5, ""epsilon_decay"": 0.0001, ""discount_factor"": 0.0}",2.674841000000015,100,0.00042183478621834786,0.0,0.0,0.015151515151515152,0.0024025074362172792
"{""alpha"": 0.5, ""q_init"": ""random"", ""epsilon"": 0.5, ""epsilon_decay"": 0.0001, ""discount_factor"": 0.1}",2.963155000000029,100,0.0,0.0,0.0,0.0,0.0
"{""alpha"": 0.5, ""q_init"": ""random"", ""epsilon"": 0.5, ""epsilon_decay"": 0.0001, ""discount_factor"": 0.2}",2.9240990000000693,100,0.0,0.0,0.0,0.0,0.0
"{""alpha"": 0.5, ""q_init"": ""random"", ""epsilon"": 0.5, ""epsilon_decay"": 0.0001, ""discount_factor"": 0.3}",2.921986000000061,100,0.0,0.0,0.0,0.0,0.0
"{""alpha"": 0.5, ""q_init"": ""random"", ""epsilon"": 0.5, ""epsilon_decay"": 0.0001, ""discount_factor"": 0.4}",2.906669000000079,100,0.0,0.0,0.0,0.0,0.0
"{""alpha"": 0.5, ""q_init"": ""random"", ""epsilon"": 0.5, ""epsilon_decay"": 0.0001, ""discount_factor"": 0.5}",3.1363730000000487,100,0.0,0.0,0.0,0.0,0.0
"{""alpha"": 0.5, ""q_init"": ""random"", ""epsilon"": 0.5, ""epsilon_decay"": 0.0001, ""discount_factor"": 0.6}",2.9571959999999535,100,0.0,0.0,0.0,0.0,0.0
"{""alpha"": 0.5, ""q_init"": ""random"", ""epsilon"": 0.5, ""epsilon_decay"": 0.0001, ""discount_factor"": 0.7}",2.903502000000003,100,0.0,0.0,0.0,0.0,0.0
"{""alpha"": 0.5, ""q_init"": ""random"", ""epsilon"": 0.5, ""epsilon_decay"": 0.0001, ""discount_factor"": 0.8}",2.9103109999999788,100,0.0006958073148974129,0.0,0.0,0.05263157894736842,0.005485382477504395
"{""alpha"": 0.5, ""q_init"": ""random"", ""epsilon"": 0.5, ""epsilon_decay"": 0.0001, ""discount_factor"": 0.9}",2.830165000000079,100,0.0,0.0,0.0,0.0,0.0
"{""alpha"": 0.5, ""q_init"": 0, ""epsilon"": 0.1, ""epsilon_decay"": 0.0001, ""discount_factor"": 0.0}",15.429036999999994,100,0.0,0.0,0.0,0.0,0.0
"{""alpha"": 0.5, ""q_init"": 0, ""epsilon"": 0.1, ""epsilon_decay"": 0.0001, ""discount_factor"": 0.1}",15.54071399999998,100,0.0,0.0,0.0,0.0,0.0
"{""alpha"": 0.5, ""q_init"": 0, ""epsilon"": 0.1, ""epsilon_decay"": 0.0001, ""discount_factor"": 0.2}",15.22002699999996,100,0.0,0.0,0.0,0.0,0.0
"{""alpha"": 0.5, ""q_init"": 0, ""epsilon"": 0.1, ""epsilon_decay"": 0.0001, ""discount_factor"": 0.3}",15.397306999999955,100,0.0,0.0,0.0,0.0,0.0
"{""alpha"": 0.5, ""q_init"": 0, ""epsilon"": 0.1, ""epsilon_decay"": 0.0001, ""discount_factor"": 0.4}",15.489041999999927,100,0.0,0.0,0.0,0.0,0.0
"{""alpha"": 0.5, ""q_init"": 0, ""epsilon"": 0.1, ""epsilon_decay"": 0.0001, ""discount_factor"": 0.5}",15.941821000000004,100,0.0,0.0,0.0,0.0,0.0
"{""alpha"": 0.5, ""q_init"": 0, ""epsilon"": 0.1, ""epsilon_decay"": 0.0001, ""discount_factor"": 0.6}",16.082165000000032,100,0.0,0.0,0.0,0.0,0.0
"{""alpha"": 0.5, ""q_init"": 0, ""epsilon"": 0.1, ""epsilon_decay"": 0.0001, ""discount_factor"": 0.7}",15.860681999999997,100,0.0,0.0,0.0,0.0,0.0
"{""alpha"": 0.5, ""q_init"": 0, ""epsilon"": 0.1, ""epsilon_decay"": 0.0001, ""discount_factor"": 0.8}",16.235294000000067,100,0.0,0.0,0.0,0.0,0.0
"{""alpha"": 0.5, ""q_init"": 0, ""epsilon"": 0.1, ""epsilon_decay"": 0.0001, ""discount_factor"": 0.9}",15.34324700000002,100,0.0,0.0,0.0,0.0,0.0
"{""alpha"": 0.5, ""q_init"": 0, ""epsilon"": 0.3, ""epsilon_decay"": 0.0001, ""discount_factor"": 0.0}",12.20070700000008,100,0.0,0.0,0.0,0.0,0.0
"{""alpha"": 0.5, ""q_init"": 0, ""epsilon"": 0.3, ""epsilon_decay"": 0.0001, ""discount_factor"": 0.1}",12.98890300000005,100,0.0,0.0,0.0,0.0,0.0
"{""alpha"": 0.5, ""q_init"": 0, ""epsilon"": 0.3, ""epsilon_decay"": 0.0001, ""discount_factor"": 0.2}",13.071882999999843,100,0.0,0.0,0.0,0.0,0.0
"{""alpha"": 0.5, ""q_init"": 0, ""epsilon"": 0.3, ""epsilon_decay"": 0.0001, ""discount_factor"": 0.3}",12.386426000000029,100,0.0,0.0,0.0,0.0,0.0
"{""alpha"": 0.5, ""q_init"": 0, ""epsilon"": 0.3, ""epsilon_decay"": 0.0001, ""discount_factor"": 0.4}",13.320379000000003,100,0.0,0.0,0.0,0.0,0.0
"{""alpha"": 0.5, ""q_init"": 0, ""epsilon"": 0.3, ""epsilon_decay"": 0.0001, ""discount_factor"": 0.5}",12.741517000000158,100,0.0,0.0,0.0,0.0,0.0
"{""alpha"": 0.5, ""q_init"": 0, ""epsilon"": 0.3, ""epsilon_decay"": 0.0001, ""discount_factor"": 0.6}",13.21273999999994,100,0.0,0.0,0.0,0.0,0.0
"{""alpha"": 0.5, ""q_init"": 0, ""epsilon"": 0.3, ""epsilon_decay"": 0.0001, ""discount_factor"": 0.7}",12.58325600000012,100,0.0,0.0,0.0,0.0,0.0
"{""alpha"": 0.5, ""q_init"": 0, ""epsilon"": 0.3, ""epsilon_decay"": 0.0001, ""discount_factor"": 0.8}",12.78704700000003,100,0.0,0.0,0.0,0.0,0.0
"{""alpha"": 0.5, ""q_init"": 0, ""epsilon"": 0.3, ""epsilon_decay"": 0.0001, ""discount_factor"": 0.9}",12.817808000000014,100,0.0,0.0,0.0,0.0,0.0
"{""alpha"": 0.5, ""q_init"": 0, ""epsilon"": 0.5, ""epsilon_decay"": 0.0001, ""discount_factor"": 0.0}",10.997278999999935,100,0.0,0.0,0.0,0.0,0.0
"{""alpha"": 0.5, ""q_init"": 0, ""epsilon"": 0.5, ""epsilon_decay"": 0.0001, ""discount_factor"": 0.1}",11.240464999999858,100,0.0,0.0,0.0,0.0,0.0
"{""alpha"": 0.5, ""q_init"": 0, ""epsilon"": 0.5, ""epsilon_decay"": 0.0001, ""discount_factor"": 0.2}",10.495672000000013,100,0.0,0.0,0.0,0.0,0.0
"{""alpha"": 0.5, ""q_init"": 0, ""epsilon"": 0.5, ""epsilon_decay"": 0.0001, ""discount_factor"": 0.3}",10.76609499999995,100,0.0,0.0,0.0,0.0,0.0
"{""alpha"": 0.5, ""q_init"": 0, ""epsilon"": 0.5, ""epsilon_decay"": 0.0001, ""discount_factor"": 0.4}",10.483347999999978,100,0.0,0.0,0.0,0.0,0.0
"{""alpha"": 0.5, ""q_init"": 0, ""epsilon"": 0.5, ""epsilon_decay"": 0.0001, ""discount_factor"": 0.5}",10.367021000000022,100,0.0,0.0,0.0,0.0,0.0
"{""alpha"": 0.5, ""q_init"": 0, ""epsilon"": 0.5, ""epsilon_decay"": 0.0001, ""discount_factor"": 0.6}",11.311621999999943,100,0.0,0.0,0.0,0.0,0.0
"{""alpha"": 0.5, ""q_init"": 0, ""epsilon"": 0.5, ""epsilon_decay"": 0.0001, ""discount_factor"": 0.7}",11.093225999999959,100,0.0,0.0,0.0,0.0,0.0
"{""alpha"": 0.5, ""q_init"": 0, ""epsilon"": 0.5, ""epsilon_decay"": 0.0001, ""discount_factor"": 0.8}",11.44732399999998,100,0.0,0.0,0.0,0.0,0.0
"{""alpha"": 0.5, ""q_init"": 0, ""epsilon"": 0.5, ""epsilon_decay"": 0.0001, ""discount_factor"": 0.9}",11.41018699999995,100,0.0,0.0,0.0,0.0,0.0
"{""alpha"": 0.9, ""q_init"": ""random"", ""epsilon"": 0.1, ""epsilon_decay"": 0.0001, ""discount_factor"": 0.0}",2.6262629999998808,100,0.0,0.0,0.0,0.0,0.0
"{""alpha"": 0.9, ""q_init"": ""random"", ""epsilon"": 0.1, ""epsilon_decay"": 0.0001, ""discount_factor"": 0.1}",2.933680000000095,100,0.0,0.0,0.0,0.0,0.0
"{""alpha"": 0.9, ""q_init"": ""random"", ""epsilon"": 0.1, ""epsilon_decay"": 0.0001, ""discount_factor"": 0.2}",2.8693949999999404,100,0.0,0.0,0.0,0.0,0.0
"{""alpha"": 0.9, ""q_init"": ""random"", ""epsilon"": 0.1, ""epsilon_decay"": 0.0001, ""discount_factor"": 0.3}",2.8905079999999543,100,0.0,0.0,0.0,0.0,0.0
"{""alpha"": 0.9, ""q_init"": ""random"", ""epsilon"": 0.1, ""epsilon_decay"": 0.0001, ""discount_factor"": 0.4}",2.97267399999987,100,0.0,0.0,0.0,0.0,0.0
"{""alpha"": 0.9, ""q_init"": ""random"", ""epsilon"": 0.1, ""epsilon_decay"": 0.0001, ""discount_factor"": 0.5}",2.87083900000016,100,0.00021739130434782607,0.0,0.0,0.021739130434782608,0.002163016167623087
"{""alpha"": 0.9, ""q_init"": ""random"", ""epsilon"": 0.1, ""epsilon_decay"": 0.0001, ""discount_factor"": 0.6}",2.985770999999886,100,0.0,0.0,0.0,0.0,0.0
"{""alpha"": 0.9, ""q_init"": ""random"", ""epsilon"": 0.1, ""epsilon_decay"": 0.0001, ""discount_factor"": 0.7}",2.920237000000043,100,0.0,0.0,0.0,0.0,0.0
"{""alpha"": 0.9, ""q_init"": ""random"", ""epsilon"": 0.1, ""epsilon_decay"": 0.0001, ""discount_factor"": 0.8}",2.8707339999998567,100,0.0,0.0,0.0,0.0,0.0
"{""alpha"": 0.9, ""q_init"": ""random"", ""epsilon"": 0.1, ""epsilon_decay"": 0.0001, ""discount_factor"": 0.9}",3.0409790000001067,100,0.0006029285099052541,0.0,0.0,0.037037037037037035,0.00433153866001039
"{""alpha"": 0.9, ""q_init"": ""random"", ""epsilon"": 0.3, ""epsilon_decay"": 0.0001, ""discount_factor"": 0.0}",2.602485999999999,100,0.0,0.0,0.0,0.0,0.0
"{""alpha"": 0.9, ""q_init"": ""random"", ""epsilon"": 0.3, ""epsilon_decay"": 0.0001, ""discount_factor"": 0.1}",2.9858260000000882,100,0.0,0.0,0.0,0.0,0.0
"{""alpha"": 0.9, ""q_init"": ""random"", ""epsilon"": 0.3, ""epsilon_decay"": 0.0001, ""discount_factor"": 0.2}",3.0466109999999844,100,0.00045454545454545455,0.0,0.0,0.045454545454545456,0.004522670168666455
"{""alpha"": 0.9, ""q_init"": ""random"", ""epsilon"": 0.3, ""epsilon_decay"": 0.0001, ""discount_factor"": 0.3}",2.7850800000001072,100,0.0,0.0,0.0,0.0,0.0
"{""alpha"": 0.9, ""q_init"": ""random"", ""epsilon"": 0.3, ""epsilon_decay"": 0.0001, ""discount_factor"": 0.4}",3.181100000000015,100,0.0,0.0,0.0,0.0,0.0
"{""alpha"": 0.9, ""q_init"": ""random"", ""epsilon"": 0.3, ""epsilon_decay"": 0.0001, ""discount_factor"": 0.5}",3.113559000000123,100,0.0,0.0,0.0,0.0,0.0
"{""alpha"": 0.9, ""q_init"": ""random"", ""epsilon"": 0.3, ""epsilon_decay"": 0.0001, ""discount_factor"": 0.6}",3.0273890000000847,100,0.0,0.0,0.0,0.0,0.0
"{""alpha"": 0.9, ""q_init"": ""random"", ""epsilon"": 0.3, ""epsilon_decay"": 0.0001, ""discount_factor"": 0.7}",3.056237999999894,100,0.0,0.0,0.0,0.0,0.0
"{""alpha"": 0.9, ""q_init"": ""random"", ""epsilon"": 0.3, ""epsilon_decay"": 0.0001, ""discount_factor"": 0.8}",2.9748829999998634,100,0.0,0.0,0.0,0.0,0.0
"{""alpha"": 0.9, ""q_init"": ""random"", ""epsilon"": 0.3, ""epsilon_decay"": 0.0001, ""discount_factor"": 0.9}",3.0165569999999207,100,0.0,0.0,0.0,0.0,0.0
"{""alpha"": 0.9, ""q_init"": ""random"", ""epsilon"": 0.5, ""epsilon_decay"": 0.0001, ""discount_factor"": 0.0}",2.7242639999999483,100,0.0,0.0,0.0,0.0,0.0
"{""alpha"": 0.9, ""q_init"": ""random"", ""epsilon"": 0.5, ""epsilon_decay"": 0.0001, ""discount_factor"": 0.1}",2.858831999999893,100,0.0003333333333333333,0.0,0.0,0.03333333333333333,0.0033166247903554003
"{""alpha"": 0.9, ""q_init"": ""random"", ""epsilon"": 0.5, ""epsilon_decay"": 0.0001, ""discount_factor"": 0.2}",2.9349569999999403,100,0.0,0.0,0.0,0.0,0.0
"{""alpha"": 0.9, ""q_init"": ""random"", ""epsilon"": 0.5, ""epsilon_decay"": 0.0001, ""discount_factor"": 0.3}",2.97251899999992,100,0.0,0.0,0.0,0.0,0.0
"{""alpha"": 0.9, ""q_init"": ""random"", ""epsilon"": 0.5, ""epsilon_decay"": 0.0001, ""discount_factor"": 0.4}",2.897709999999961,100,0.0,0.0,0.0,0.0,0.0
"{""alpha"": 0.9, ""q_init"": ""random"", ""epsilon"": 0.5, ""epsilon_decay"": 0.0001, ""discount_factor"": 0.5}",2.94648600000005,100,0.0,0.0,0.0,0.0,0.0
"{""alpha"": 0.9, ""q_init"": ""random"", ""epsilon"": 0.5, ""epsilon_decay"": 0.0001, ""discount_factor"": 0.6}",3.1162799999999606,100,0.0007071960297766749,0.0,0.0,0.038461538461538464,0.004969768651257276
"{""alpha"": 0.9, ""q_init"": ""random"", ""epsilon"": 0.5, ""epsilon_decay"": 0.0001, ""discount_factor"": 0.7}",3.010776999999962,100,0.0,0.0,0.0,0.0,0.0
"{""alpha"": 0.9, ""q_init"": ""random"", ""epsilon"": 0.5, ""epsilon_decay"": 0.0001, ""discount_factor"": 0.8}",2.9235799999999017,100,0.0003448275862068965,0.0,0.0,0.034482758620689655,0.00343099116243662
"{""alpha"": 0.9, ""q_init"": ""random"", ""epsilon"": 0.5, ""epsilon_decay"": 0.0001, ""discount_factor"": 0.9}",3.0067959999998948,100,0.0,0.0,0.0,0.0,0.0
"{""alpha"": 0.9, ""q_init"": 0, ""epsilon"": 0.1, ""epsilon_decay"": 0.0001, ""discount_factor"": 0.0}",15.899855000000116,100,0.0,0.0,0.0,0.0,0.0
